<?xml version="1.0" encoding="ISO8859-1"?>
<FndTheme>
  <ThemeName Type="System.String">Aurora</ThemeName>
  <StartingTheme Type="System.Boolean">False</StartingTheme>
  <Author Type="System.String">IFS Research &amp; Development</Author>
  <Created Type="System.DateTime">08/13/2007 17:34:03</Created>
  <Modified Type="System.DateTime">08/13/2007 17:34:03</Modified>
  <Control ID="FndColorPalette" Assembly="" Class="">
    <Property Name="Transparent" Type="System.Drawing.Color">Transparent</Property>
    <Property Name="Background" Type="System.Drawing.Color">White</Property>
    <Property Name="Foreground" Type="System.Drawing.Color">Black</Property>
    <Property Name="PrimaryForeground" Type="System.Drawing.Color">White</Property>
    <Property Name="NeutralVeryLight" Type="System.Drawing.Color">243, 243, 243</Property>
    <Property Name="Alert" Type="System.Drawing.Color">239, 64, 48</Property>
    <Property Name="SignalAlarmBackground" Type="System.Drawing.Color">187, 65, 1</Property>
    <Property Name="SignalAlarmForeground" Type="System.Drawing.Color">White</Property>
    <Property Name="Primary" Type="System.Drawing.Color">91, 126, 20</Property>
    <Property Name="PrimaryDark" Type="System.Drawing.Color">64, 88, 14</Property>
    <Property Name="PrimaryLight" Type="System.Drawing.Color">116, 159, 26</Property>
    <Property Name="NeutralVeryDark" Type="System.Drawing.Color">58, 58, 58</Property>
    <Property Name="NeutralLight" Type="System.Drawing.Color">234, 235, 236</Property>
    <Property Name="Disabled" Type="System.Drawing.Color">120, 121, 122</Property>
    <Property Name="DisabledLight" Type="System.Drawing.Color">160, 161, 162</Property>
    <Property Name="Highlight" Type="System.Drawing.Color">DarkOrange</Property>
    <Property Name="PrimaryForegroundDark" Type="System.Drawing.Color">149, 194, 61</Property>
    <Property Name="PrimaryVeryLight" Type="System.Drawing.Color">225, 237, 199</Property>
    <Property Name="Tertiary" Type="System.Drawing.Color">0, 105, 150</Property>
    <Property Name="Secondary" Type="System.Drawing.Color">149, 194, 60</Property>
    <Property Name="SecondaryDark" Type="System.Drawing.Color">91, 126, 19</Property>
    <Property Name="SecondaryLight" Type="System.Drawing.Color">225, 237, 198</Property>
    <Property Name="Neutral" Type="System.Drawing.Color">187, 188, 189</Property>
    <Property Name="NeutralDark" Type="System.Drawing.Color">164, 164, 165</Property>
    <Property Name="NeutralExtraDark" Type="System.Drawing.Color">20, 21, 22</Property>
  </Control>
  <Control ID="FndFontPalette" Assembly="" Class="">
    <Property Name="Normal" Type="System.Drawing.Font">Arial, 8.25pt</Property>
    <Property Name="NormalStrikethrough" Type="System.Drawing.Font">Arial, 8.25pt, style=Strikeout</Property>
    <Property Name="NormalStrong" Type="System.Drawing.Font">Arial, 8.25pt, style=Bold</Property>
    <Property Name="LargeStrong" Type="System.Drawing.Font">Arial, 9pt, style=Bold</Property>
    <Property Name="Title" Type="System.Drawing.Font">Franklin Gothic Demi Cond, 15.75pt</Property>
  </Control>
  <Control ID="FndTreeMap" Assembly="Ifs.Fnd.Windows.Forms.InfoViz" Class="Ifs.Fnd.Windows.Forms.InfoViz.TreeMap.FndTreeMap">
    <Property Name="TreeMapFont" Type="System.Drawing.Font">Tahoma, 8.25pt</Property>
    <Property Name="ContainerFont" Type="System.Drawing.Font">Tahoma, 8.25pt</Property>
    <Property Name="RootContainerFont" Type="System.Drawing.Font">Tahoma, 8.25pt</Property>
    <Property Name="ContainerColor" Type="System.Drawing.Color">215, 215, 230</Property>
    <Property Name="RootContainerColor" Type="System.Drawing.Color">215, 215, 230</Property>
    <Property Name="ContainerFontColor" Type="System.Drawing.Color">Black</Property>
    <Property Name="ContainerFontOffsetColor" Type="System.Drawing.Color">White</Property>
    <Property Name="RootContainerFontColor" Type="System.Drawing.Color">Black</Property>
    <Property Name="TreeMapFontColor" Type="System.Drawing.Color">Black</Property>
    <Property Name="TreeMapFontOffsetColor" Type="System.Drawing.Color">White</Property>
    <Property Name="RootContainerFontOffsetColor" Type="System.Drawing.Color">White</Property>
    <Property Name="UseContainerFontOffsetColor" Type="System.Boolean">False</Property>
    <Property Name="UseRootContainerFontOffsetColor" Type="System.Boolean">False</Property>
    <Property Name="UseTreeMapFontOffsetColor" Type="System.Boolean">False</Property>
  </Control>
  <Control ID="FndMonthCalendar" Assembly="Ifs.Fnd.Windows.Forms.CommonControls" Class="Ifs.Fnd.Windows.Forms.FndMonthCalendar">
    <Property Name="BackGradientMode" Type="System.Drawing.Drawing2D.LinearGradientMode">Vertical</Property>
    <Property Name="SigmaBellShapeFocus" Type="System.Single">1</Property>
    <Property Name="SigmaBellShapeScale" Type="System.Single">1</Property>
    <Property Name="Font" Type="System.Drawing.Font">Tahoma, 8.25pt</Property>
    <Property Name="SelectedFont" Type="System.Drawing.Font">Tahoma, 8.25pt</Property>
    <Property Name="TitleFont" Type="System.Drawing.Font">Tahoma, 8.25pt</Property>
    <Property Name="SpecialHolidayColor" Type="System.Drawing.Color">Red</Property>
    <Property Name="BackColor" Type="System.Drawing.Color">White</Property>
    <Property Name="BackColorLight" Type="System.Drawing.Color">White</Property>
    <Property Name="TrailingForeColor" Type="System.Drawing.Color">172, 168, 153</Property>
    <Property Name="ScrollButtonColor" Type="System.Drawing.Color">Black</Property>
    <Property Name="WeekNumberForeColor" Type="System.Drawing.Color">172, 168, 153</Property>
    <Property Name="WeekDayForeColor" Type="System.Drawing.Color">GrayText</Property>
    <Property Name="BorderLineColor" Type="System.Drawing.Color">202, 226, 152</Property>
    <Property Name="SelectedDateColor" Type="System.Drawing.Color">149, 194, 69</Property>
    <Property Name="TitleBackColor" Type="System.Drawing.Color">149, 194, 69</Property>
    <Property Name="TitleBackColorLight" Type="System.Drawing.Color">149, 194, 69</Property>
    <Property Name="TodayRectangleColor" Type="System.Drawing.Color">149, 194, 69</Property>
    <Property Name="SundayColor" Type="System.Drawing.Color">229, 53, 39</Property>
    <Property Name="TextColor" Type="System.Drawing.Color">White</Property>
    <Property Name="TitleForeColor" Type="System.Drawing.Color">White</Property>
    <Property Name="UseBackgroundGradient" Type="System.Boolean">False</Property>
  </Control>
  <Control ID="FndDataGrid" Assembly="Ifs.Fnd.Windows.Forms.DataGrid" Class="Ifs.Fnd.Windows.Forms.DataGrid.FndDataGrid">
    <Property Name="Font" Type="System.Drawing.Font">Tahoma, 8.25pt</Property>
    <Property Name="ForeColor" Type="System.Drawing.Color">ControlText</Property>
    <Property Name="CaptionFont" Type="System.Drawing.Font">Tahoma, 8.25pt</Property>
    <Property Name="AnimateOnMouseHoover" Type="System.Boolean">false</Property>
    <Property Name="BackColor" Type="System.Drawing.Color">White</Property>
    <Property Name="TreeBackColor" Type="System.Drawing.Color">164, 203, 83</Property>
    <Property Name="HeaderForeColor" Type="System.Drawing.Color">White</Property>
    <Property Name="SelectionBackColor" Type="System.Drawing.Color">224, 204, 60</Property>
    <Property Name="SelectionForeColor" Type="System.Drawing.Color">Black</Property>
    <Property Name="GridLineColor" Type="System.Drawing.Color">213, 233, 171</Property>
    <Property Name="GridLines" Type="Ifs.Fnd.Windows.Forms.DataGrid.FndDataGridLine">Both</Property>
    <Property Name="GraphicMode" Type="Ifs.Fnd.Windows.Forms.DataGrid.FndDataGridGraphicMode">Flat</Property>
    <Property Name="HeaderFont" Type="System.Drawing.Font">Arial, 8.25pt, style=Bold</Property>
    <Property Name="CaptionBackColor" Type="System.Drawing.Color">155, 194, 69</Property>
    <Property Name="CaptionForeColor" Type="System.Drawing.Color">White</Property>
    <Property Name="HeaderBackColor" Type="System.Drawing.Color">149, 194, 69</Property>
    <Property Name="HeaderBackColorGradientBegin" Type="System.Drawing.Color">149, 194, 69</Property>
    <Property Name="HeaderBackColorGradientEnd" Type="System.Drawing.Color">149, 194, 69</Property>
  </Control>
  <Control ID="FndMatrix" Assembly="Ifs.Fnd.Windows.Forms.InfoViz" Class="Ifs.Fnd.Windows.Forms.InfoViz.Matrix.FndMatrix">
    <Property Name="BackColor" Type="System.Drawing.Color">WhiteSmoke</Property>
    <Property Name="GridAreaColor" Type="System.Drawing.Color">Ivory</Property>
    <Property Name="GridColor" Type="System.Drawing.Color">Silver</Property>
    <Property Name="ForeColor" Type="System.Drawing.Color">Black</Property>
    <Property Name="Font" Type="System.Drawing.Font">Tahoma, 8.25pt</Property>
    <Property Name="BackColorLight" Type="System.Drawing.Color">Gainsboro</Property>
    <Property Name="MouseOverColor" Type="System.Drawing.Color">251, 251, 251</Property>
    <Property Name="ActiveCellColor" Type="System.Drawing.Color">CadetBlue</Property>
    <Property Name="BackgroundGradientMode" Type="System.Drawing.Drawing2D.LinearGradientMode">Vertical</Property>
    <Property Name="TitleFont" Type="System.Drawing.Font">Tahoma, 9pt</Property>
  </Control>
  <Control ID="FndIndexList" Assembly="Ifs.Fnd.Windows.Forms.CommonControls" Class="Ifs.Fnd.Windows.Forms.FndIndexList">
    <Property Name="Font" Type="System.Drawing.Font">Tahoma, 8.25pt</Property>
    <Property Name="BackColor" Type="System.Drawing.Color">Window</Property>
    <Property Name="GroupHeaderBackColor" Type="System.Drawing.Color">Window</Property>
    <Property Name="GroupHeaderFont" Type="System.Drawing.Font">Tahoma, 8.25pt, style=Bold</Property>
    <Property Name="GroupHeaderSelectionForeColor" Type="System.Drawing.Color">ActiveCaptionText</Property>
    <Property Name="CellCaptionForeColor" Type="System.Drawing.Color">Gray</Property>
    <Property Name="CellCaptionSelectionForeColor" Type="System.Drawing.Color">Gray</Property>
    <Property Name="AlternatingBackColor" Type="System.Drawing.Color">244, 249, 233</Property>
    <Property Name="GroupHeaderLineColor" Type="System.Drawing.Color">192, 220, 133</Property>
    <Property Name="LineColor" Type="System.Drawing.Color">202, 226, 152</Property>
    <Property Name="HeaderSortDirectionMarkerColor" Type="System.Drawing.Color">147, 191, 53</Property>
    <Property Name="GroupHeaderForeColor" Type="System.Drawing.Color">147, 191, 53</Property>
    <Property Name="SelectionForeColor" Type="System.Drawing.Color">ControlText</Property>
    <Property Name="HeaderBackColor" Type="System.Drawing.Color">112, 146, 69</Property>
    <Property Name="SelectionBackColor" Type="System.Drawing.Color">224, 204, 60</Property>
    <Property Name="HeaderForeColor" Type="System.Drawing.Color">White</Property>
    <Property Name="HeaderFont" Type="System.Drawing.Font">Tahoma, 8.25pt, style=Bold</Property>
    <Property Name="HeaderBackColorLight" Type="System.Drawing.Color">122, 159, 45</Property>
  </Control>
  <Control ID="FndActionPanel" Assembly="Ifs.Fnd.Windows.Forms.CommonControls" Class="Ifs.Fnd.Windows.Forms.FndActionPanel">
    <Property Name="ForeColor" Type="System.Drawing.Color">Black</Property>
    <Property Name="HeaderForeColor" Type="System.Drawing.Color">White</Property>
    <Property Name="HeaderBackColor" Type="System.Drawing.Color">122, 159, 45</Property>
    <Property Name="BackColor" Type="System.Drawing.Color">244, 249, 233</Property>
    <Property Name="Font" Type="System.Drawing.Font">Tahoma, 8.25pt</Property>
    <Property Name="HeaderFont" Type="System.Drawing.Font">Tahoma, 8.25pt, style=Bold</Property>
  </Control>
  <Control ID="FndStartPageFeatureBase" Assembly="Ifs.Fnd.Feature" Class="Ifs.Fnd.Feature.FndStartPageFeatureBase">
    <Property Name="Font" Type="System.Drawing.Font">Tahoma, 8.25pt</Property>
    <Property Name="ActionPanelBodyBackColor" Type="System.Drawing.Color">White</Property>
    <Property Name="ActionPanelBodyForeColor" Type="System.Drawing.Color">Black</Property>
    <Property Name="DescriptionColor" Type="System.Drawing.Color">Gray</Property>
    <Property Name="ForeColor" Type="System.Drawing.Color">Black</Property>
    <Property Name="TitleColor" Type="System.Drawing.Color">Gray</Property>
    <Property Name="TitleFont" Type="System.Drawing.Font">Arial, 16pt</Property>
    <Property Name="DescriptionFont" Type="System.Drawing.Font">Arial, 10pt</Property>
    <Property Name="ActionPanelHeaderFont" Type="System.Drawing.Font">Tahoma, 8.25pt, style=Bold</Property>
    <Property Name="LeftPaneBackColor" Type="System.Drawing.Color">223, 238, 191</Property>
    <Property Name="ActionPanelHeaderBackColor" Type="System.Drawing.Color">223, 238, 191</Property>
    <Property Name="ActionPanelHeaderForeColor" Type="System.Drawing.Color">121, 155, 49</Property>
    <Property Name="BackColor" Type="System.Drawing.Color">244, 249, 233</Property>
    <Property Name="ActionPanelBodyFont" Type="System.Drawing.Font">Tahoma, 8.25pt</Property>
  </Control>
  <Control ID="FndColors" Assembly="" Class="">
    <Property Name="ReadOnlyControlText" Type="System.Drawing.Color">Gray</Property>
    <Property Name="FeatureBackground" Type="System.Drawing.Color">244, 249, 233</Property>
    <Property Name="FeatureBackgroundDark" Type="System.Drawing.Color">240, 240, 240</Property>
    <Property Name="ExplorerToolBarHoverDark" Type="System.Drawing.Color">71, 71, 71</Property>
    <Property Name="ExplorerToolBarSeparatorLight" Type="System.Drawing.Color">71, 71, 71</Property>
    <Property Name="ExplorerToolBarSeparatorDark" Type="System.Drawing.Color">Black</Property>
    <Property Name="ExplorerControlText" Type="System.Drawing.Color">White</Property>
    <Property Name="ExplorerControlTextShadow" Type="System.Drawing.Color">Black</Property>
    <Property Name="ExplorerFormBackColor" Type="System.Drawing.Color">Black</Property>
    <Property Name="ExplorerControlLightLight" Type="System.Drawing.Color">77, 77, 77</Property>
    <Property Name="ExplorerNavigatorPanelText" Type="System.Drawing.Color">236, 236, 236</Property>
    <Property Name="ExplorerBannerText" Type="System.Drawing.Color">White</Property>
    <Property Name="ExplorerControlLight" Type="System.Drawing.Color">71, 71, 71</Property>
    <Property Name="ExplorerControlDark" Type="System.Drawing.Color">41, 41, 41</Property>
    <Property Name="ExplorerControlThinLine" Type="System.Drawing.Color">51, 51, 51</Property>
    <Property Name="ExplorerMainMenuText" Type="System.Drawing.Color">240, 240, 240</Property>
    <Property Name="TabControlInactiveHoverUpper" Type="System.Drawing.Color">White</Property>
    <Property Name="TabControlText" Type="System.Drawing.Color">Black</Property>
    <Property Name="AddressBarText" Type="System.Drawing.Color">236, 236, 236</Property>
    <Property Name="NavigatorTreeBackColor" Type="System.Drawing.Color">92, 92, 92</Property>
    <Property Name="NavigatorTreeText" Type="System.Drawing.Color">214, 214, 214</Property>
    <Property Name="NavigatorTreeSelectedNodeBackColor" Type="System.Drawing.Color">103, 103, 103</Property>
    <Property Name="NavigatorTreeSelectedNodeText" Type="System.Drawing.Color">29, 29, 29</Property>
    <Property Name="ArchivedNotes" Type="System.Drawing.Color">224, 212, 226</Property>
    <Property Name="NavigatorTreeFilteredNodeText" Type="System.Drawing.Color">White</Property>
    <Property Name="NavigatorBoxHoverLight" Type="System.Drawing.Color">97, 97, 97</Property>
    <Property Name="NavigatorBoxHoverDark" Type="System.Drawing.Color">71, 71, 71</Property>
    <Property Name="NavigatorBoxText" Type="System.Drawing.Color">White</Property>
    <Property Name="NavigatorBoxShadow" Type="System.Drawing.Color">Black</Property>
    <Property Name="BreadCrumbBorder" Type="System.Drawing.Color">Black</Property>
    <Property Name="BreadCrumbBorderAlias" Type="System.Drawing.Color">77, 77, 77</Property>
    <Property Name="BreadCrumbUpperHoverBegin" Type="System.Drawing.Color">97, 97, 97</Property>
    <Property Name="BreadCrumbUpperHoverEnd" Type="System.Drawing.Color">97, 97, 97</Property>
    <Property Name="BreadCrumbLowerHoverBegin" Type="System.Drawing.Color">71, 71, 71</Property>
    <Property Name="BreadCrumbLowerHoverEnd" Type="System.Drawing.Color">71, 71, 71</Property>
    <Property Name="BreadCrumbText" Type="System.Drawing.Color">236, 236, 236</Property>
    <Property Name="RibbonControlHoverLight" Type="System.Drawing.Color">97, 97, 97</Property>
    <Property Name="RibbonControlText" Type="System.Drawing.Color">236, 236, 236</Property>
    <Property Name="FeatureToolBarOverflowButtonGradientBegin" Type="System.Drawing.Color">147, 191, 53</Property>
    <Property Name="SearchFieldBackColor" Type="System.Drawing.Color">White</Property>
    <Property Name="SearchFieldText" Type="System.Drawing.Color">Black</Property>
    <Property Name="ApplicationSearchBoxBackColor" Type="System.Drawing.Color">White</Property>
    <Property Name="ApplicationSearchBoxBorder" Type="System.Drawing.Color">Black</Property>
    <Property Name="ApplicationSearchBoxGrayText" Type="System.Drawing.Color">GrayText</Property>
    <Property Name="NavigatorTreeFilterBoxBorder" Type="System.Drawing.Color">Black</Property>
    <Property Name="ApplicationSearchBoxText" Type="System.Drawing.Color">Black</Property>
    <Property Name="NavigatorTreeFilterBoxLabelText" Type="System.Drawing.Color">214, 214, 214</Property>
    <Property Name="NavigatorTreeFilterBoxBackColor" Type="System.Drawing.Color">White</Property>
    <Property Name="NavigatorTreeFilterBoxText" Type="System.Drawing.Color">Black</Property>
    <Property Name="NotesButtonHover" Type="System.Drawing.Color">243, 234, 171</Property>
    <Property Name="TabControlActiveMarker" Type="System.Drawing.Color">164, 203, 83</Property>
    <Property Name="TabControlBackColor" Type="System.Drawing.Color">244, 249, 233</Property>
    <Property Name="TabControlBorder" Type="System.Drawing.Color">202, 226, 152</Property>
    <Property Name="FeatureToolBarButtonChecked" Type="System.Drawing.Color">212, 232, 171</Property>
    <Property Name="FeatureToolBarButtonPressed" Type="System.Drawing.Color">183, 214, 116</Property>
    <Property Name="FeatureToolBarButtonSelected" Type="System.Drawing.Color">233, 243, 211</Property>
    <Property Name="FeatureToolBarButtonSelectedBorder" Type="System.Drawing.Color">147, 191, 53</Property>
    <Property Name="FeatureToolBarOverflowButtonGradientEnd" Type="System.Drawing.Color">147, 191, 53</Property>
    <Property Name="FeatureToolBarOverflowButtonGradientMiddle" Type="System.Drawing.Color">156, 197, 68</Property>
    <Property Name="FeatureToolBarSeparatorDark" Type="System.Drawing.Color">147, 191, 53</Property>
    <Property Name="FeatureToolBarSeparatorLight" Type="System.Drawing.Color">212, 232, 171</Property>
    <Property Name="GroupBoxBorder" Type="System.Drawing.Color">202, 226, 152</Property>
    <Property Name="StartPageLinkText" Type="System.Drawing.Color">214, 214, 214</Property>
    <Property Name="StartPageHeader" Type="System.Drawing.Color">214, 214, 214</Property>
    <Property Name="StartPageIntroText" Type="System.Drawing.Color">197, 197, 197</Property>
    <Property Name="ContextPaneBackColor" Type="System.Drawing.Color">223, 238, 191</Property>
    <Property Name="ActiveNotes" Type="System.Drawing.Color">254, 246, 167</Property>
    <Property Name="TabControlTextDisabled" Type="System.Drawing.Color">Gray</Property>
    <Property Name="ApplicationSearchHighlight" Type="System.Drawing.Color">Yellow</Property>
    <Property Name="HighlightSignal" Type="System.Drawing.Color">Orange</Property>
    <Property Name="MandatoryControl" Type="System.Drawing.Color">244, 217, 203</Property>
    <Property Name="ReadOnlyControl" Type="System.Drawing.Color">White</Property>
    <Property Name="CustomizedControlMarker" Type="System.Drawing.Color">Orange</Property>
    <Property Name="NavigatorBoxBorder" Type="System.Drawing.Color">38, 38, 38</Property>
    <Property Name="NavigatorBoxGradientBegin" Type="System.Drawing.Color">41, 41, 41</Property>
    <Property Name="NavigatorBoxGradientEnd" Type="System.Drawing.Color">41, 41, 41</Property>
    <Property Name="RibbonControlHoverDark" Type="System.Drawing.Color">71, 71, 71</Property>
    <Property Name="ExplorerHeaderUpperGradientEnd" Type="System.Drawing.Color">71, 71, 71</Property>
    <Property Name="ExplorerHeaderLowerGradientEnd" Type="System.Drawing.Color">41, 41, 41</Property>
    <Property Name="ExplorerHeaderLowerGradientBegin" Type="System.Drawing.Color">41, 41, 41</Property>
    <Property Name="ExplorerHeaderUpperGradientBegin" Type="System.Drawing.Color">71, 71, 71</Property>
    <Property Name="RibbonControlHighlightEnd" Type="System.Drawing.Color">164, 203, 83</Property>
    <Property Name="RibbonControlHighlightFade" Type="System.Drawing.Color">164, 203, 83</Property>
    <Property Name="RibbonControlHighlightBegin" Type="System.Drawing.Color">64, 103, 0</Property>
    <Property Name="ExplorerToolBarHoverLight" Type="System.Drawing.Color">97, 97, 97</Property>
    <Property Name="ExplorerBannerGradientBegin" Type="System.Drawing.Color">112, 146, 69</Property>
    <Property Name="ExplorerBannerGradientEnd" Type="System.Drawing.Color">147, 191, 53</Property>
    <Property Name="RibbonControlGradientBegin" Type="System.Drawing.Color">41, 41, 41</Property>
    <Property Name="RibbonControlGradientEnd" Type="System.Drawing.Color">41, 41, 41</Property>
    <Property Name="PageToolBarDarkText" Type="System.Drawing.Color">Black</Property>
    <Property Name="PageToolBarLightText" Type="System.Drawing.Color">White</Property>
    <Property Name="EditedControlText" Type="System.Drawing.Color">0, 105, 150</Property>
  </Control>
  <Control ID="FndFonts" Assembly="" Class="">
    <Property Name="AddressBar" Type="System.Drawing.Font">Tahoma, 8.25pt</Property>
    <Property Name="NavigatorTree" Type="System.Drawing.Font">Trebuchet MS, 8.25pt, style=Bold</Property>
    <Property Name="ActiveNotes" Type="System.Drawing.Font">Trebuchet MS, 9.75pt</Property>
    <Property Name="ArchivedNotes" Type="System.Drawing.Font">Trebuchet MS, 9.75pt</Property>
    <Property Name="StartPageHeader" Type="System.Drawing.Font">Arial, 14.25pt, style=Bold</Property>
    <Property Name="StartPageIntroText" Type="System.Drawing.Font">Tahoma, 9pt</Property>
    <Property Name="StartPageLink" Type="System.Drawing.Font">Tahoma, 8.25pt</Property>
  </Control>
  <Control ID="FndBaseColors" Assembly="Ifs.Fnd.ThemeManager" Class="Ifs.Fnd.ThemeManager.FndBaseColors">
    <Property Name="BaseColor01Purple" Type="System.Drawing.Color">77, 52, 82</Property>
    <Property Name="BaseColor02VioletRed" Type="System.Drawing.Color">108, 37, 47</Property>
    <Property Name="BaseColor03DarkRed" Type="System.Drawing.Color">145, 35, 16</Property>
    <Property Name="BaseColor04OrangeRed" Type="System.Drawing.Color">187, 65, 1</Property>
    <Property Name="BaseColor05DarkOrange" Type="System.Drawing.Color">222, 119, 0</Property>
    <Property Name="BaseColor06Orange" Type="System.Drawing.Color">241, 172, 3</Property>
    <Property Name="BaseColor07GoldenKhaki" Type="System.Drawing.Color">218, 194, 26</Property>
    <Property Name="BaseColor08LightOlive" Type="System.Drawing.Color">167, 180, 57</Property>
    <Property Name="BaseColor09LightOliveDrab" Type="System.Drawing.Color">125, 160, 82</Property>
    <Property Name="BaseColor10DarkSeaGreen" Type="System.Drawing.Color">93, 140, 103</Property>
    <Property Name="BaseColor11DarkCyan" Type="System.Drawing.Color">60, 114, 122</Property>
    <Property Name="BaseColor12DarkSteelBlue" Type="System.Drawing.Color">55, 80, 112</Property>
    <Property Name="BaseColor13NewRed" Type="System.Drawing.Color">223, 28, 0</Property>
    <Property Name="BaseColor14NewYellow" Type="System.Drawing.Color">254, 179, 0</Property>
    <Property Name="BaseColor15NewLightGreen" Type="System.Drawing.Color">192, 225, 110</Property>
    <Property Name="BaseColor16NewLightBlue" Type="System.Drawing.Color">99, 166, 185</Property>
    <Property Name="BaseColor17NewGreen" Type="System.Drawing.Color">65, 122, 28</Property>
    <Property Name="BaseColor18NewBrown" Type="System.Drawing.Color">151, 64, 11</Property>
    <Property Name="BaseColor19NewOrange" Type="System.Drawing.Color">226, 88, 0</Property>
    <Property Name="BaseColor20NewDarkRed" Type="System.Drawing.Color">181, 15, 29</Property>
    <Property Name="WorkAreaColor01" Type="System.Drawing.Color">147, 191, 53</Property>
    <Property Name="WorkAreaColor02" Type="System.Drawing.Color">156, 197, 68</Property>
    <Property Name="WorkAreaColor03" Type="System.Drawing.Color">164, 203, 83</Property>
    <Property Name="WorkAreaColor04" Type="System.Drawing.Color">174, 208, 99</Property>
    <Property Name="WorkAreaColor05" Type="System.Drawing.Color">183, 214, 116</Property>
    <Property Name="WorkAreaColor06" Type="System.Drawing.Color">192, 220, 133</Property>
    <Property Name="WorkAreaColor07" Type="System.Drawing.Color">202, 226, 152</Property>
    <Property Name="WorkAreaColor08" Type="System.Drawing.Color">212, 232, 171</Property>
    <Property Name="WorkAreaColor09" Type="System.Drawing.Color">223, 238, 191</Property>
    <Property Name="WorkAreaColor10" Type="System.Drawing.Color">233, 243, 211</Property>
    <Property Name="WorkAreaColor11" Type="System.Drawing.Color">244, 249, 233</Property>
    <Property Name="ChromeColor01" Type="System.Drawing.Color">Black</Property>
    <Property Name="ChromeColor02" Type="System.Drawing.Color">29, 29, 29</Property>
    <Property Name="ChromeColor03" Type="System.Drawing.Color">41, 41, 41</Property>
    <Property Name="ChromeColor04" Type="System.Drawing.Color">46, 46, 46</Property>
    <Property Name="ChromeColor05" Type="System.Drawing.Color">49, 49, 49</Property>
    <Property Name="ChromeColor06" Type="System.Drawing.Color">51, 51, 51</Property>
    <Property Name="ChromeColor07" Type="System.Drawing.Color">71, 71, 71</Property>
    <Property Name="ChromeColor08" Type="System.Drawing.Color">77, 77, 77</Property>
    <Property Name="ChromeColor09" Type="System.Drawing.Color">92, 92, 92</Property>
    <Property Name="ChromeColor10" Type="System.Drawing.Color">97, 97, 97</Property>
    <Property Name="ChromeColor11" Type="System.Drawing.Color">103, 103, 103</Property>
    <Property Name="ChromeColor12" Type="System.Drawing.Color">214, 214, 214</Property>
    <Property Name="ChromeColor13" Type="System.Drawing.Color">236, 236, 236</Property>
    <Property Name="ChromeColor14" Type="System.Drawing.Color">240, 240, 240</Property>
    <Property Name="ChromeColor15" Type="System.Drawing.Color">White</Property>
    <Property Name="SignalAlarm" Type="System.Drawing.Color">187, 65, 1</Property>
    <Property Name="SignalWarning" Type="System.Drawing.Color">241, 172, 3</Property>
    <Property Name="SignalOK" Type="System.Drawing.Color">167, 180, 57</Property>
    <Property Name="IFS_Black" Type="System.Drawing.Color">0, 0, 0</Property>
    <Property Name="IFS_Blue" Type="System.Drawing.Color">0, 135, 193</Property>
    <Property Name="IFS_Dark_Blue" Type="System.Drawing.Color">0, 105, 150</Property>
    <Property Name="IFS_Dark_Gray" Type="System.Drawing.Color">75, 74, 77</Property>
    <Property Name="IFS_Dark_Green" Type="System.Drawing.Color">54, 155, 48</Property>
    <Property Name="IFS_Dark_Orange" Type="System.Drawing.Color">236, 103, 6</Property>
    <Property Name="IFS_Green" Type="System.Drawing.Color">150, 192, 58</Property>
    <Property Name="IFS_Light_Blue" Type="System.Drawing.Color">31, 168, 210</Property>
    <Property Name="IFS_Light_Gray" Type="System.Drawing.Color">226, 226, 226</Property>
    <Property Name="IFS_Light_Green" Type="System.Drawing.Color">186, 211, 123</Property>
    <Property Name="IFS_Light_Pink" Type="System.Drawing.Color">210, 99, 147</Property>
    <Property Name="IFS_Light_Purple" Type="System.Drawing.Color">168, 120, 174</Property>
    <Property Name="IFS_Pink" Type="System.Drawing.Color">194, 0, 105</Property>
    <Property Name="IFS_Purple" Type="System.Drawing.Color">135, 62, 141</Property>
    <Property Name="IFS_Red" Type="System.Drawing.Color">229, 53, 39</Property>
    <Property Name="IFS_Yellow" Type="System.Drawing.Color">211, 193, 22</Property>
    <Property Name="IFS_White" Type="System.Drawing.Color">White</Property>
    <Property Name="IFS_Orange" Type="System.Drawing.Color">247, 172, 0</Property>
  </Control>
  <Control ID="FndChartColors" Assembly="Ifs.Fnd.ThemeManager" Class="Ifs.Fnd.ThemeManager.FndChartColors">
    <Property Name="Series01Color01" Type="System.Drawing.Color">77, 52, 82</Property>
    <Property Name="Series01Color02" Type="System.Drawing.Color">108, 37, 47</Property>
    <Property Name="Series01Color03" Type="System.Drawing.Color">145, 35, 16</Property>
    <Property Name="Series01Color04" Type="System.Drawing.Color">187, 65, 1</Property>
    <Property Name="Series01Color05" Type="System.Drawing.Color">222, 119, 0</Property>
    <Property Name="Series01Color06" Type="System.Drawing.Color">241, 172, 3</Property>
    <Property Name="Series01Color07" Type="System.Drawing.Color">218, 194, 26</Property>
    <Property Name="Series01Color08" Type="System.Drawing.Color">167, 180, 57</Property>
    <Property Name="Series01Color09" Type="System.Drawing.Color">125, 160, 82</Property>
    <Property Name="Series01Color10" Type="System.Drawing.Color">93, 140, 103</Property>
    <Property Name="Series01Color11" Type="System.Drawing.Color">60, 114, 122</Property>
    <Property Name="Series01Color12" Type="System.Drawing.Color">55, 80, 112</Property>
    <Property Name="Series02Color01" Type="System.Drawing.Color">105, 77, 111</Property>
    <Property Name="Series02Color02" Type="System.Drawing.Color">133, 60, 70</Property>
    <Property Name="Series02Color03" Type="System.Drawing.Color">163, 60, 42</Property>
    <Property Name="Series02Color04" Type="System.Drawing.Color">198, 91, 34</Property>
    <Property Name="Series02Color05" Type="System.Drawing.Color">228, 140, 38</Property>
    <Property Name="Series02Color06" Type="System.Drawing.Color">243, 185, 43</Property>
    <Property Name="Series02Color07" Type="System.Drawing.Color">224, 204, 60</Property>
    <Property Name="Series02Color08" Type="System.Drawing.Color">181, 192, 83</Property>
    <Property Name="Series02Color09" Type="System.Drawing.Color">144, 176, 104</Property>
    <Property Name="Series02Color10" Type="System.Drawing.Color">115, 159, 124</Property>
    <Property Name="Series02Color11" Type="System.Drawing.Color">83, 136, 144</Property>
    <Property Name="Series02Color12" Type="System.Drawing.Color">78, 103, 136</Property>
    <Property Name="Series03Color01" Type="System.Drawing.Color">134, 106, 140</Property>
    <Property Name="Series03Color02" Type="System.Drawing.Color">157, 88, 98</Property>
    <Property Name="Series03Color03" Type="System.Drawing.Color">182, 90, 74</Property>
    <Property Name="Series03Color04" Type="System.Drawing.Color">210, 118, 71</Property>
    <Property Name="Series03Color05" Type="System.Drawing.Color">233, 161, 78</Property>
    <Property Name="Series03Color06" Type="System.Drawing.Color">246, 199, 84</Property>
    <Property Name="Series03Color07" Type="System.Drawing.Color">230, 213, 95</Property>
    <Property Name="Series03Color08" Type="System.Drawing.Color">195, 205, 112</Property>
    <Property Name="Series03Color09" Type="System.Drawing.Color">164, 192, 129</Property>
    <Property Name="Series03Color10" Type="System.Drawing.Color">138, 178, 147</Property>
    <Property Name="Series03Color11" Type="System.Drawing.Color">110, 159, 166</Property>
    <Property Name="Series03Color12" Type="System.Drawing.Color">105, 129, 160</Property>
    <Property Name="Series04Color01" Type="System.Drawing.Color">163, 138, 168</Property>
    <Property Name="Series04Color02" Type="System.Drawing.Color">182, 122, 130</Property>
    <Property Name="Series04Color03" Type="System.Drawing.Color">200, 124, 111</Property>
    <Property Name="Series04Color04" Type="System.Drawing.Color">221, 149, 111</Property>
    <Property Name="Series04Color05" Type="System.Drawing.Color">239, 183, 119</Property>
    <Property Name="Series04Color06" Type="System.Drawing.Color">248, 212, 126</Property>
    <Property Name="Series04Color07" Type="System.Drawing.Color">237, 223, 132</Property>
    <Property Name="Series04Color08" Type="System.Drawing.Color">210, 218, 143</Property>
    <Property Name="Series04Color09" Type="System.Drawing.Color">185, 207, 157</Property>
    <Property Name="Series04Color10" Type="System.Drawing.Color">164, 198, 171</Property>
    <Property Name="Series04Color11" Type="System.Drawing.Color">141, 182, 189</Property>
    <Property Name="Series04Color12" Type="System.Drawing.Color">137, 157, 183</Property>
    <Property Name="Series05Color01" Type="System.Drawing.Color">193, 173, 197</Property>
    <Property Name="Series05Color02" Type="System.Drawing.Color">206, 161, 167</Property>
    <Property Name="Series05Color03" Type="System.Drawing.Color">218, 163, 154</Property>
    <Property Name="Series05Color04" Type="System.Drawing.Color">232, 182, 155</Property>
    <Property Name="Series05Color05" Type="System.Drawing.Color">244, 206, 163</Property>
    <Property Name="Series05Color06" Type="System.Drawing.Color">250, 226, 168</Property>
    <Property Name="Series05Color07" Type="System.Drawing.Color">243, 234, 171</Property>
    <Property Name="Series05Color08" Type="System.Drawing.Color">224, 230, 178</Property>
    <Property Name="Series05Color09" Type="System.Drawing.Color">207, 223, 187</Property>
    <Property Name="Series05Color10" Type="System.Drawing.Color">192, 217, 198</Property>
    <Property Name="Series05Color11" Type="System.Drawing.Color">175, 206, 211</Property>
    <Property Name="Series05Color12" Type="System.Drawing.Color">172, 188, 207</Property>
    <Property Name="Series06Color01" Type="System.Drawing.Color">224, 212, 226</Property>
    <Property Name="Series06Color02" Type="System.Drawing.Color">231, 205, 209</Property>
    <Property Name="Series06Color03" Type="System.Drawing.Color">237, 207, 202</Property>
    <Property Name="Series06Color04" Type="System.Drawing.Color">244, 217, 203</Property>
    <Property Name="Series06Color05" Type="System.Drawing.Color">249, 230, 208</Property>
    <Property Name="Series06Color06" Type="System.Drawing.Color">253, 241, 211</Property>
    <Property Name="Series06Color07" Type="System.Drawing.Color">249, 244, 212</Property>
    <Property Name="Series06Color08" Type="System.Drawing.Color">240, 243, 215</Property>
    <Property Name="Series06Color09" Type="System.Drawing.Color">230, 239, 220</Property>
    <Property Name="Series06Color10" Type="System.Drawing.Color">223, 236, 225</Property>
    <Property Name="Series06Color11" Type="System.Drawing.Color">213, 230, 233</Property>
    <Property Name="Series06Color12" Type="System.Drawing.Color">212, 220, 231</Property>
    <Property Name="Series07Color01" Type="System.Drawing.Color">Black</Property>
    <Property Name="Series07Color02" Type="System.Drawing.Color">White</Property>
    <Property Name="Series07Color03" Type="System.Drawing.Color">0, 135, 139</Property>
    <Property Name="Series07Color04" Type="System.Drawing.Color">150, 192, 58</Property>
    <Property Name="Series07Color05" Type="System.Drawing.Color">247, 172, 0</Property>
    <Property Name="Series07Color06" Type="System.Drawing.Color">194, 0, 105</Property>
    <Property Name="Series07Color07" Type="System.Drawing.Color">135, 62, 141</Property>
    <Property Name="Series07Color08" Type="System.Drawing.Color">229, 53, 39</Property>
    <Property Name="Series07Color09" Type="System.Drawing.Color">211, 193, 22</Property>
    <Property Name="Series07Color10" Type="System.Drawing.Color">0, 105, 150</Property>
    <Property Name="Series07Color11" Type="System.Drawing.Color">54, 155, 48</Property>
    <Property Name="Series07Color12" Type="System.Drawing.Color">236, 103, 6</Property>
    <Property Name="Series07Color13" Type="System.Drawing.Color">31, 168, 210</Property>
    <Property Name="Series07Color14" Type="System.Drawing.Color">186, 211, 123</Property>
    <Property Name="Series07Color15" Type="System.Drawing.Color">210, 99, 147</Property>
    <Property Name="Series07Color16" Type="System.Drawing.Color">168, 120, 174</Property>
    <Property Name="Series07Color17" Type="System.Drawing.Color">75, 74, 77</Property>
    <Property Name="Series07Color18" Type="System.Drawing.Color">226, 226, 226</Property>
  </Control>
  <Control ID="_Common" Assembly="Ifs.Fnd.ThemeManager" Class="Ifs.Fnd.ThemeManager.Common">
    <Property Name="GroupBoxBorderColor" Type="Ifs.Fnd.ThemeManager.FndPaletteColor">NeutralLight</Property>
    <Property Name="DialogFooterColor" Type="Ifs.Fnd.ThemeManager.FndPaletteColor">NeutralLight</Property>
    <Property Name="AlarmBackground" Type="Ifs.Fnd.ThemeManager.FndPaletteColor">SignalAlarmBackground</Property>
    <Property Name="AlarmForeground" Type="Ifs.Fnd.ThemeManager.FndPaletteColor">SignalAlarmForeground</Property>
    <Property Name="Alert" Type="Ifs.Fnd.ThemeManager.FndPaletteColor">Alert</Property>
    <Property Name="Background" Type="Ifs.Fnd.ThemeManager.FndPaletteColor">Background</Property>
    <Property Name="DataFieldBackground" Type="Ifs.Fnd.ThemeManager.FndPaletteColor">Background</Property>
    <Property Name="DialogBannerColor" Type="Ifs.Fnd.ThemeManager.FndPaletteColor">SecondaryDark</Property>
    <Property Name="Disabled" Type="Ifs.Fnd.ThemeManager.FndPaletteColor">Disabled</Property>
    <Property Name="DisabledLight" Type="Ifs.Fnd.ThemeManager.FndPaletteColor">DisabledLight</Property>
    <Property Name="ExplorerBackground" Type="Ifs.Fnd.ThemeManager.FndPaletteColor">Background</Property>
    <Property Name="ExplorerNavigatorWorkAreaSplitterWidth" Type="System.Single">10</Property>
    <Property Name="Foreground" Type="Ifs.Fnd.ThemeManager.FndPaletteColor">Foreground</Property>
    <Property Name="FrameColor" Type="Ifs.Fnd.ThemeManager.FndPaletteColor">SecondaryDark</Property>
    <Property Name="Highlight" Type="Ifs.Fnd.ThemeManager.FndPaletteColor">Highlight</Property>
    <Property Name="LargeStrong" Type="Ifs.Fnd.ThemeManager.FndPaletteFont">LargeStrong</Property>
    <Property Name="Neutral" Type="Ifs.Fnd.ThemeManager.FndPaletteColor">Neutral</Property>
    <Property Name="NeutralDark" Type="Ifs.Fnd.ThemeManager.FndPaletteColor">NeutralDark</Property>
    <Property Name="NeutralExtraDark" Type="Ifs.Fnd.ThemeManager.FndPaletteColor">NeutralExtraDark</Property>
    <Property Name="NeutralLight" Type="Ifs.Fnd.ThemeManager.FndPaletteColor">NeutralLight</Property>
    <Property Name="NeutralVeryDark" Type="Ifs.Fnd.ThemeManager.FndPaletteColor">NeutralVeryDark</Property>
    <Property Name="NeutralVeryLight" Type="Ifs.Fnd.ThemeManager.FndPaletteColor">NeutralVeryLight</Property>
    <Property Name="Normal" Type="Ifs.Fnd.ThemeManager.FndPaletteFont">Normal</Property>
    <Property Name="NormalStrikeout" Type="Ifs.Fnd.ThemeManager.FndPaletteFont">NormalStrikethrough</Property>
    <Property Name="NormalStrong" Type="Ifs.Fnd.ThemeManager.FndPaletteFont">NormalStrong</Property>
    <Property Name="Primary" Type="Ifs.Fnd.ThemeManager.FndPaletteColor">Primary</Property>
    <Property Name="PrimaryDark" Type="Ifs.Fnd.ThemeManager.FndPaletteColor">PrimaryDark</Property>
    <Property Name="PrimaryForeground" Type="Ifs.Fnd.ThemeManager.FndPaletteColor">PrimaryForeground</Property>
    <Property Name="PrimaryForegroundDark" Type="Ifs.Fnd.ThemeManager.FndPaletteColor">PrimaryForegroundDark</Property>
    <Property Name="PrimaryVeryLight" Type="Ifs.Fnd.ThemeManager.FndPaletteColor">PrimaryVeryLight</Property>
    <Property Name="PrimaryLight" Type="Ifs.Fnd.ThemeManager.FndPaletteColor">PrimaryLight</Property>
    <Property Name="Secondary" Type="Ifs.Fnd.ThemeManager.FndPaletteColor">Secondary</Property>
    <Property Name="SecondaryDark" Type="Ifs.Fnd.ThemeManager.FndPaletteColor">SecondaryDark</Property>
    <Property Name="SecondaryLight" Type="Ifs.Fnd.ThemeManager.FndPaletteColor">SecondaryLight</Property>
    <Property Name="SignalAlarmBackground" Type="Ifs.Fnd.ThemeManager.FndPaletteColor">SignalAlarmBackground</Property>
    <Property Name="SignalAlarmForeground" Type="Ifs.Fnd.ThemeManager.FndPaletteColor">SignalAlarmForeground</Property>
    <Property Name="Tertiary" Type="Ifs.Fnd.ThemeManager.FndPaletteColor">Tertiary</Property>
    <Property Name="Title" Type="Ifs.Fnd.ThemeManager.FndPaletteFont">Title</Property>
    <Property Name="Transparent" Type="Ifs.Fnd.ThemeManager.FndPaletteColor">Transparent</Property>
  </Control>
  <Control ID="_ExplorerTop" Assembly="Ifs.Fnd.ThemeManager" Class="Ifs.Fnd.ThemeManager._ExplorerTop">
    <Property Name="BreadCrumbBackground" Type="Ifs.Fnd.ThemeManager.FndPaletteColor">Primary</Property>
    <Property Name="ToolbarBackground" Type="Ifs.Fnd.ThemeManager.FndPaletteColor">Primary</Property>
    <Property Name="BreadCrumbBackgroundHover" Type="Ifs.Fnd.ThemeManager.FndPaletteColor">PrimaryLight</Property>
    <Property Name="AddressBarBackground" Type="Ifs.Fnd.ThemeManager.FndPaletteColor">Primary</Property>
    <Property Name="AddressBarFont" Type="Ifs.Fnd.ThemeManager.FndPaletteFont">Normal</Property>
    <Property Name="AddressBarForeground" Type="Ifs.Fnd.ThemeManager.FndPaletteColor">PrimaryForeground</Property>
    <Property Name="ApplicationSearchBoxBackground" Type="Ifs.Fnd.ThemeManager.FndPaletteColor">PrimaryLight</Property>
    <Property Name="ApplicationSearchBoxDisabledBackground" Type="Ifs.Fnd.ThemeManager.FndPaletteColor">Neutral</Property>
    <Property Name="ApplicationSearchBoxFont" Type="Ifs.Fnd.ThemeManager.FndPaletteFont">Normal</Property>
    <Property Name="ApplicationSearchBoxForeground" Type="Ifs.Fnd.ThemeManager.FndPaletteColor">Background</Property>
    <Property Name="ApplicationSearchBoxPlaceholderDisabledForeground" Type="Ifs.Fnd.ThemeManager.FndPaletteColor">NeutralVeryDark</Property>
    <Property Name="ApplicationSearchBoxPlaceholderFont" Type="Ifs.Fnd.ThemeManager.FndPaletteFont">Normal</Property>
    <Property Name="ApplicationSearchBoxPlaceholderForeground" Type="Ifs.Fnd.ThemeManager.FndPaletteColor">PrimaryDark</Property>
    <Property Name="BreadCrumbFont" Type="Ifs.Fnd.ThemeManager.FndPaletteFont">LargeStrong</Property>
    <Property Name="BreadCrumbForeground" Type="Ifs.Fnd.ThemeManager.FndPaletteColor">PrimaryForeground</Property>
    <Property Name="BusyIndicatorBackground" Type="Ifs.Fnd.ThemeManager.FndPaletteColor">PrimaryLight</Property>
    <Property Name="BusyIndicatorForeground" Type="Ifs.Fnd.ThemeManager.FndPaletteColor">Background</Property>
    <Property Name="CaptionButtonClosePressedBackground" Type="Ifs.Fnd.ThemeManager.FndPaletteColor">Alert</Property>
    <Property Name="CaptionButtonForeground" Type="Ifs.Fnd.ThemeManager.FndPaletteColor">PrimaryVeryLight</Property>
    <Property Name="CaptionButtonHoverBackground" Type="Ifs.Fnd.ThemeManager.FndPaletteColor">PrimaryLight</Property>
    <Property Name="CaptionButtonHoverForeground" Type="Ifs.Fnd.ThemeManager.FndPaletteColor">Background</Property>
    <Property Name="CaptionButtonPressedBackground" Type="Ifs.Fnd.ThemeManager.FndPaletteColor">NeutralExtraDark</Property>
    <Property Name="MainMenuBackground" Type="Ifs.Fnd.ThemeManager.FndPaletteColor">Primary</Property>
    <Property Name="MainMenuBackgroundHover" Type="Ifs.Fnd.ThemeManager.FndPaletteColor">PrimaryLight</Property>
    <Property Name="MainMenuForeground" Type="Ifs.Fnd.ThemeManager.FndPaletteColor">PrimaryForeground</Property>
    <Property Name="MainMenuItemBorder" Type="Ifs.Fnd.ThemeManager.FndPaletteColor">Background</Property>
    <Property Name="TitleBarBackground" Type="Ifs.Fnd.ThemeManager.FndPaletteColor">Primary</Property>
    <Property Name="TitleBarFont" Type="Ifs.Fnd.ThemeManager.FndPaletteFont">Normal</Property>
    <Property Name="TitleBarForeground" Type="Ifs.Fnd.ThemeManager.FndPaletteColor">PrimaryVeryLight</Property>
    <Property Name="ToolbarBackgroundHover" Type="Ifs.Fnd.ThemeManager.FndPaletteColor">PrimaryLight</Property>
    <Property Name="ToolbarDropDownArrow" Type="Ifs.Fnd.ThemeManager.FndPaletteColor">Background</Property>
    <Property Name="ToolbarSeparator" Type="Ifs.Fnd.ThemeManager.FndPaletteColor">PrimaryLight</Property>
    <Property Name="BreadCrumbHighlight" Type="Ifs.Fnd.ThemeManager.FndPaletteColor">Highlight</Property>
  </Control>
  <Control ID="_ExplorerBottom" Assembly="Ifs.Fnd.ThemeManager" Class="Ifs.Fnd.ThemeManager._ExplorerBottom">
    <Property Name="RibbonHighlight" Type="Ifs.Fnd.ThemeManager.FndPaletteColor">PrimaryForeground</Property>
    <Property Name="RibbonForegroundDisabled" Type="Ifs.Fnd.ThemeManager.FndPaletteColor">NeutralLight</Property>
    <Property Name="ContextPaneBackground" Type="Ifs.Fnd.ThemeManager.FndPaletteColor">Background</Property>
    <Property Name="ContextPaneLinkBackground" Type="Ifs.Fnd.ThemeManager.FndPaletteColor">Secondary</Property>
    <Property Name="ContextPaneLinkForeground" Type="Ifs.Fnd.ThemeManager.FndPaletteColor">NeutralExtraDark</Property>
    <Property Name="ContextPaneTopGripBackground" Type="Ifs.Fnd.ThemeManager.FndPaletteColor">DisabledLight</Property>
    <Property Name="FooterBackground" Type="Ifs.Fnd.ThemeManager.FndPaletteColor">NeutralExtraDark</Property>
    <Property Name="FooterHoverBackground" Type="Ifs.Fnd.ThemeManager.FndPaletteColor">Foreground</Property>
    <Property Name="RibbonFont" Type="Ifs.Fnd.ThemeManager.FndPaletteFont">LargeStrong</Property>
    <Property Name="RibbonForeground" Type="Ifs.Fnd.ThemeManager.FndPaletteColor">PrimaryForeground</Property>
  </Control>
  <Control ID="_Navigator" Assembly="Ifs.Fnd.ThemeManager" Class="Ifs.Fnd.ThemeManager._Navigator">
    <Property Name="TreeViewBackground" Type="Ifs.Fnd.ThemeManager.FndPaletteColor">Background</Property>
    <Property Name="FooterBackground" Type="Ifs.Fnd.ThemeManager.FndPaletteColor">NeutralVeryDark</Property>
    <Property Name="ShortcutIconColor" Type="Ifs.Fnd.ThemeManager.FndPaletteColor">Tertiary</Property>
    <Property Name="FilterBackground" Type="Ifs.Fnd.ThemeManager.FndPaletteColor">NeutralLight</Property>
    <Property Name="StreamBackground" Type="Ifs.Fnd.ThemeManager.FndPaletteColor">NeutralLight</Property>
    <Property Name="Background" Type="Ifs.Fnd.ThemeManager.FndPaletteColor">NeutralLight</Property>
    <Property Name="FilterBottomBorder" Type="Ifs.Fnd.ThemeManager.FndPaletteColor">Neutral</Property>
    <Property Name="FilterFont" Type="Ifs.Fnd.ThemeManager.FndPaletteFont">NormalStrong</Property>
    <Property Name="FilterLabelForeground" Type="Ifs.Fnd.ThemeManager.FndPaletteColor">NeutralDark</Property>
    <Property Name="Font" Type="Ifs.Fnd.ThemeManager.FndPaletteFont">Normal</Property>
    <Property Name="FooterHoverBackground" Type="Ifs.Fnd.ThemeManager.FndPaletteColor">NeutralExtraDark</Property>
    <Property Name="HeaderBackground" Type="Ifs.Fnd.ThemeManager.FndPaletteColor">Primary</Property>
    <Property Name="HeaderForeground" Type="Ifs.Fnd.ThemeManager.FndPaletteColor">PrimaryForeground</Property>
    <Property Name="HeaderHoverBackground" Type="Ifs.Fnd.ThemeManager.FndPaletteColor">PrimaryLight</Property>
    <Property Name="HiddenNodeFont" Type="Ifs.Fnd.ThemeManager.FndPaletteFont">NormalStrikethrough</Property>
    <Property Name="NodeFilteredForeground" Type="Ifs.Fnd.ThemeManager.FndPaletteColor">SecondaryDark</Property>
    <Property Name="NodeFilteredSelectedForeground" Type="Ifs.Fnd.ThemeManager.FndPaletteColor">PrimaryForeground</Property>
    <Property Name="NodeForeground" Type="Ifs.Fnd.ThemeManager.FndPaletteColor">Foreground</Property>
    <Property Name="NodeHighlightedForeground" Type="Ifs.Fnd.ThemeManager.FndPaletteColor">Highlight</Property>
    <Property Name="NodeHighlightedSelectedForeground" Type="Ifs.Fnd.ThemeManager.FndPaletteColor">Background</Property>
    <Property Name="NodeSelectedBackground" Type="Ifs.Fnd.ThemeManager.FndPaletteColor">Secondary</Property>
    <Property Name="NodeSelectedForeground" Type="Ifs.Fnd.ThemeManager.FndPaletteColor">Foreground</Property>
    <Property Name="Shadow" Type="Ifs.Fnd.ThemeManager.FndPaletteColor">Neutral</Property>
    <Property Name="ShortcutDropTargetIndicator" Type="Ifs.Fnd.ThemeManager.FndPaletteColor">Secondary</Property>
    <Property Name="ShortcutIconHoverBackground" Type="Ifs.Fnd.ThemeManager.FndPaletteColor">NeutralVeryLight</Property>
    <Property Name="ShortcutLabelColor" Type="Ifs.Fnd.ThemeManager.FndPaletteColor">NeutralExtraDark</Property>
    <Property Name="ShortcutsStreamSplitter" Type="Ifs.Fnd.ThemeManager.FndPaletteColor">Neutral</Property>
  </Control>
  <Control ID="_Feature" Assembly="Ifs.Fnd.ThemeManager" Class="Ifs.Fnd.ThemeManager._Feature">
    <Property Name="Background" Type="Ifs.Fnd.ThemeManager.FndPaletteColor">Background</Property>
    <Property Name="BannerBackground" Type="Ifs.Fnd.ThemeManager.FndPaletteColor">Background</Property>
    <Property Name="BannerHeight" Type="System.Single">30</Property>
    <Property Name="BannerMarginLeft" Type="System.Single">10</Property>
    <Property Name="BannerTextTopOffset" Type="System.Single">2</Property>
    <Property Name="BannerTitleFont" Type="Ifs.Fnd.ThemeManager.FndPaletteFont">Title</Property>
    <Property Name="PaddingLeft" Type="System.Single">12</Property>
    <Property Name="PaddingRight" Type="System.Single">10</Property>
    <Property Name="ToolbarItemDisabledForeground" Type="Ifs.Fnd.ThemeManager.FndPaletteColor">DisabledLight</Property>
    <Property Name="ToolbarItemSelectedBackground" Type="Ifs.Fnd.ThemeManager.FndPaletteColor">Transparent</Property>
    <Property Name="ToolbarMenuBackground" Type="Ifs.Fnd.ThemeManager.FndPaletteColor">NeutralVeryLight</Property>
    <Property Name="ToolbarMenuForeground" Type="Ifs.Fnd.ThemeManager.FndPaletteColor">Foreground</Property>
    <Property Name="ToolbarMenuItemSelectedBackground" Type="Ifs.Fnd.ThemeManager.FndPaletteColor">Background</Property>
    <Property Name="ToolbarPressedBackground" Type="Ifs.Fnd.ThemeManager.FndPaletteColor">Transparent</Property>
    <Property Name="BannerForeground" Type="Ifs.Fnd.ThemeManager.FndPaletteColor">NeutralVeryDark</Property>
  </Control>
  <Control ID="_TabControl" Assembly="Ifs.Fnd.ThemeManager" Class="Ifs.Fnd.ThemeManager._TabControl">
    <Property Name="Border" Type="System.Single">1</Property>
    <Property Name="TabActive" Type="Ifs.Fnd.ThemeManager.FndPaletteColor">Primary</Property>
    <Property Name="TabInactive" Type="Ifs.Fnd.ThemeManager.FndPaletteColor">NeutralLight</Property>
    <Property Name="Background" Type="Ifs.Fnd.ThemeManager.FndPaletteColor">Background</Property>
    <Property Name="BarHeight" Type="System.Single">2</Property>
    <Property Name="Font" Type="Ifs.Fnd.ThemeManager.FndPaletteFont">NormalStrong</Property>
    <Property Name="TextActive" Type="Ifs.Fnd.ThemeManager.FndPaletteColor">Background</Property>
    <Property Name="TextDisabled" Type="Ifs.Fnd.ThemeManager.FndPaletteColor">Disabled</Property>
    <Property Name="TextInactive" Type="Ifs.Fnd.ThemeManager.FndPaletteColor">Foreground</Property>
  </Control>
  <Control ID="_DataGrid" Assembly="Ifs.Fnd.ThemeManager" Class="Ifs.Fnd.ThemeManager._DataGrid">
    <Property Name="ColumnHeaderBackground" Type="Ifs.Fnd.ThemeManager.FndPaletteColor">NeutralLight</Property>
    <Property Name="GridLineColor" Type="Ifs.Fnd.ThemeManager.FndPaletteColor">NeutralLight</Property>
    <Property Name="SelectedRowLineColor" Type="Ifs.Fnd.ThemeManager.FndPaletteColor">SecondaryDark</Property>
    <Property Name="Border" Type="Ifs.Fnd.ThemeManager.FndPaletteColor">Neutral</Property>
    <Property Name="CellBackground" Type="Ifs.Fnd.ThemeManager.FndPaletteColor">Background</Property>
    <Property Name="ColHeaderTopMargin" Type="System.Single">5</Property>
    <Property Name="Font" Type="Ifs.Fnd.ThemeManager.FndPaletteFont">Normal</Property>
    <Property Name="HeaderFont" Type="Ifs.Fnd.ThemeManager.FndPaletteFont">Normal</Property>
    <Property Name="HeaderForeground" Type="Ifs.Fnd.ThemeManager.FndPaletteColor">Foreground</Property>
    <Property Name="RowHeaderBackground" Type="Ifs.Fnd.ThemeManager.FndPaletteColor">SecondaryLight</Property>
    <Property Name="RowHeaderSelectedRowBackground" Type="Ifs.Fnd.ThemeManager.FndPaletteColor">Secondary</Property>
    <Property Name="RowHeight" Type="System.Single">27</Property>
    <Property Name="SelectedCellBackground" Type="Ifs.Fnd.ThemeManager.FndPaletteColor">Secondary</Property>
  </Control>
  <Control ID="_IndexList" Assembly="Ifs.Fnd.ThemeManager" Class="Ifs.Fnd.ThemeManager._IndexList">
    <Property Name="GroupHeaderLineColor" Type="Ifs.Fnd.ThemeManager.FndPaletteColor">NeutralLight</Property>
    <Property Name="Background" Type="Ifs.Fnd.ThemeManager.FndPaletteColor">Background</Property>
    <Property Name="CellCaptionColor" Type="Ifs.Fnd.ThemeManager.FndPaletteColor">NeutralVeryDark</Property>
    <Property Name="Font" Type="Ifs.Fnd.ThemeManager.FndPaletteFont">Normal</Property>
    <Property Name="GroupHeaderBackground" Type="Ifs.Fnd.ThemeManager.FndPaletteColor">Background</Property>
    <Property Name="GroupHeaderFont" Type="Ifs.Fnd.ThemeManager.FndPaletteFont">NormalStrong</Property>
    <Property Name="GroupHeaderForeground" Type="Ifs.Fnd.ThemeManager.FndPaletteColor">Foreground</Property>
    <Property Name="HeaderBackground" Type="Ifs.Fnd.ThemeManager.FndPaletteColor">NeutralLight</Property>
    <Property Name="HeaderFont" Type="Ifs.Fnd.ThemeManager.FndPaletteFont">Normal</Property>
    <Property Name="HeaderForeground" Type="Ifs.Fnd.ThemeManager.FndPaletteColor">Foreground</Property>
    <Property Name="LineColor" Type="Ifs.Fnd.ThemeManager.FndPaletteColor">NeutralVeryLight</Property>
    <Property Name="SelectionBackground" Type="Ifs.Fnd.ThemeManager.FndPaletteColor">Secondary</Property>
    <Property Name="SortIconColor" Type="Ifs.Fnd.ThemeManager.FndPaletteColor">SecondaryDark</Property>
  </Control>
  <Control ID="_Graph" Assembly="Ifs.Fnd.ThemeManager" Class="Ifs.Fnd.ThemeManager._Graph">
    <Property Name="BackColor" Type="Ifs.Fnd.ThemeManager.FndPaletteColor">Background</Property>
    <Property Name="Font" Type="Ifs.Fnd.ThemeManager.FndPaletteFont">Normal</Property>
    <Property Name="GridLineColor" Type="Ifs.Fnd.ThemeManager.FndPaletteColor">NeutralLight</Property>
    <Property Name="HeaderFont" Type="Ifs.Fnd.ThemeManager.FndPaletteFont">Title</Property>
    <Property Name="LegendBackColor" Type="Ifs.Fnd.ThemeManager.FndPaletteColor">Background</Property>
    <Property Name="PreviewBoxColor" Type="Ifs.Fnd.ThemeManager.FndPaletteColor">Secondary</Property>
    <Property Name="RulerBackColor" Type="Ifs.Fnd.ThemeManager.FndPaletteColor">Background</Property>
    <Property Name="SliderBackColor" Type="Ifs.Fnd.ThemeManager.FndPaletteColor">NeutralLight</Property>
    <Property Name="SliderBorderColor" Type="Ifs.Fnd.ThemeManager.FndPaletteColor">Neutral</Property>
    <Property Name="SliderColor" Type="Ifs.Fnd.ThemeManager.FndPaletteColor">Neutral</Property>
    <Property Name="ZeroLineColor" Type="Ifs.Fnd.ThemeManager.FndPaletteColor">NeutralLight</Property>
    <Property Name="CrosshairColor" Type="Ifs.Fnd.ThemeManager.FndPaletteColor">NeutralExtraDark</Property>
    <Property Name="ForeColor" Type="Ifs.Fnd.ThemeManager.FndPaletteColor">NeutralExtraDark</Property>
    <Property Name="LegendForeColor" Type="Ifs.Fnd.ThemeManager.FndPaletteColor">NeutralExtraDark</Property>
    <Property Name="RulerForeColor" Type="Ifs.Fnd.ThemeManager.FndPaletteColor">NeutralVeryDark</Property>
  </Control>
  <Control ID="_XGantt" Assembly="Ifs.Fnd.ThemeManager" Class="Ifs.Fnd.ThemeManager._XGantt">
    <Property Name="BackColor" Type="Ifs.Fnd.ThemeManager.FndPaletteColor">Background</Property>
    <Property Name="DataTableHeaderBackColor" Type="Ifs.Fnd.ThemeManager.FndPaletteColor">Secondary</Property>
    <Property Name="DataTableHeaderForeColor" Type="Ifs.Fnd.ThemeManager.FndPaletteColor">PrimaryForeground</Property>
    <Property Name="Font" Type="Ifs.Fnd.ThemeManager.FndPaletteFont">Normal</Property>
    <Property Name="GridLinesColor" Type="Ifs.Fnd.ThemeManager.FndPaletteColor">Neutral</Property>
    <Property Name="HeaderFont" Type="Ifs.Fnd.ThemeManager.FndPaletteFont">Title</Property>
    <Property Name="HeaderForeground" Type="Ifs.Fnd.ThemeManager.FndPaletteColor">Background</Property>
    <Property Name="TimeScaleBackColor1" Type="Ifs.Fnd.ThemeManager.FndPaletteColor">Secondary</Property>
    <Property Name="TimeScaleBackColor2" Type="Ifs.Fnd.ThemeManager.FndPaletteColor">NeutralLight</Property>
    <Property Name="TimeScaleForeColor2" Type="Ifs.Fnd.ThemeManager.FndPaletteColor">Foreground</Property>
    <Property Name="BorderColor" Type="Ifs.Fnd.ThemeManager.FndPaletteColor">NeutralDark</Property>
    <Property Name="ForeColor" Type="Ifs.Fnd.ThemeManager.FndPaletteColor">NeutralExtraDark</Property>
    <Property Name="HeaderBackground" Type="Ifs.Fnd.ThemeManager.FndPaletteColor">PrimaryLight</Property>
    <Property Name="TimeScaleForeColor1" Type="Ifs.Fnd.ThemeManager.FndPaletteColor">PrimaryForeground</Property>
  </Control>
  <Control ID="_Matrix" Assembly="Ifs.Fnd.ThemeManager" Class="Ifs.Fnd.ThemeManager._Matrix">
    <Property Name="ActiveCellColor" Type="Ifs.Fnd.ThemeManager.FndPaletteColor">NeutralDark</Property>
    <Property Name="AxisBackColor" Type="Ifs.Fnd.ThemeManager.FndPaletteColor">NeutralLight</Property>
    <Property Name="Background" Type="Ifs.Fnd.ThemeManager.FndPaletteColor">NeutralLight</Property>
    <Property Name="Foreground" Type="Ifs.Fnd.ThemeManager.FndPaletteColor">Foreground</Property>
    <Property Name="GridAreaColor" Type="Ifs.Fnd.ThemeManager.FndPaletteColor">Background</Property>
    <Property Name="GridLinesColor" Type="Ifs.Fnd.ThemeManager.FndPaletteColor">NeutralDark</Property>
    <Property Name="MouseOverColor" Type="Ifs.Fnd.ThemeManager.FndPaletteColor">Background</Property>
    <Property Name="NormalFont" Type="Ifs.Fnd.ThemeManager.FndPaletteFont">Normal</Property>
    <Property Name="TitleFont" Type="Ifs.Fnd.ThemeManager.FndPaletteFont">NormalStrong</Property>
    <Property Name="SelectionColor" Type="Ifs.Fnd.ThemeManager.FndPaletteColor">Secondary</Property>
  </Control>
</FndTheme>