<?xml version="1.0" encoding="ISO8859-1"?>
<FndThemeResources>
  <ThemeName Type="System.String">Aurora</ThemeName>
  <Resource Name="__1" Description="__1" FileName="__1.xaml" ResourceOwner="USERITEMS" ResourceType="4" IsCommon="True" />
  <Resource Name="_lock" Description="_lock" FileName="_lock.xaml" ResourceOwner="USERITEMS" ResourceType="4" IsCommon="True" />
  <Resource Name="_return" Description="_return" FileName="_return.xaml" ResourceOwner="USERITEMS" ResourceType="4" IsCommon="True" />
  <Resource Name="airliner" Description="airliner" FileName="airliner.xaml" ResourceOwner="USERITEMS" ResourceType="4" IsCommon="True" />
  <Resource Name="app" Description="app" FileName="app.xaml" ResourceOwner="USERITEMS" ResourceType="4" IsCommon="True" />
  <Resource Name="auto" Description="auto" FileName="auto.xaml" ResourceOwner="USERITEMS" ResourceType="4" IsCommon="True" />
  <Resource Name="basicBlue_32x32" Description="basicBlue_32x32" FileName="basicBlue_32x32.xaml" ResourceOwner="USERITEMS" ResourceType="4" IsCommon="True" />
  <Resource Name="bm" Description="bm" FileName="bm.xaml" ResourceOwner="USERITEMS" ResourceType="4" IsCommon="True" />
  <Resource Name="box" Description="box" FileName="box.xaml" ResourceOwner="USERITEMS" ResourceType="4" IsCommon="True" />
  <Resource Name="briefcase" Description="briefcase" FileName="briefcase.xaml" ResourceOwner="USERITEMS" ResourceType="4" IsCommon="True" />
  <Resource Name="businessIntelligence" Description="businessIntelligence" FileName="businessIntelligence.xaml" ResourceOwner="USERITEMS" ResourceType="4" IsCommon="True" />
  <Resource Name="calendar" Description="calendar" FileName="calendar.xaml" ResourceOwner="USERITEMS" ResourceType="4" IsCommon="True" />
  <Resource Name="Changemanagement" Description="Changemanagement" FileName="Changemanagement.xaml" ResourceOwner="USERITEMS" ResourceType="4" IsCommon="True" />
  <Resource Name="chart_doc" Description="chart_doc" FileName="chart_doc.xaml" ResourceOwner="USERITEMS" ResourceType="4" IsCommon="True" />
  <Resource Name="chart_fish" Description="chart_fish" FileName="chart_fish.xaml" ResourceOwner="USERITEMS" ResourceType="4" IsCommon="True" />
  <Resource Name="checkMark" Description="checkMark" FileName="checkMark.xaml" ResourceOwner="USERITEMS" ResourceType="4" IsCommon="True" />
  <Resource Name="clock" Description="clock" FileName="clock.xaml" ResourceOwner="USERITEMS" ResourceType="4" IsCommon="True" />
  <Resource Name="clouds" Description="clouds" FileName="clouds.xaml" ResourceOwner="USERITEMS" ResourceType="4" IsCommon="True" />
  <Resource Name="construction_32x32" Description="construction_32x32" FileName="construction_32x32.xaml" ResourceOwner="USERITEMS" ResourceType="4" IsCommon="True" />
  <Resource Name="desktop" Description="desktop" FileName="desktop.xaml" ResourceOwner="USERITEMS" ResourceType="4" IsCommon="True" />
  <Resource Name="diagramCack" Description="diagramCack" FileName="diagramCack.xaml" ResourceOwner="USERITEMS" ResourceType="4" IsCommon="True" />
  <Resource Name="diagramCircle" Description="diagramCircle" FileName="diagramCircle.xaml" ResourceOwner="USERITEMS" ResourceType="4" IsCommon="True" />
  <Resource Name="diamand" Description="diamand" FileName="diamand.xaml" ResourceOwner="USERITEMS" ResourceType="4" IsCommon="True" />
  <Resource Name="distribution" Description="distribution" FileName="distribution.xaml" ResourceOwner="USERITEMS" ResourceType="4" IsCommon="True" />
  <Resource Name="dlg_32x32" Description="dlg_32x32" FileName="dlg_32x32.xaml" ResourceOwner="USERITEMS" ResourceType="4" IsCommon="True" />
  <Resource Name="docBlank_32x32" Description="docBlank_32x32" FileName="docBlank_32x32.xaml" ResourceOwner="USERITEMS" ResourceType="4" IsCommon="True" />
  <Resource Name="dollar" Description="dollar" FileName="dollar.xaml" ResourceOwner="USERITEMS" ResourceType="4" IsCommon="True" />
  <Resource Name="drip" Description="drip" FileName="drip.xaml" ResourceOwner="USERITEMS" ResourceType="4" IsCommon="True" />
  <Resource Name="euro" Description="euro" FileName="euro.xaml" ResourceOwner="USERITEMS" ResourceType="4" IsCommon="True" />
  <Resource Name="euro_bag" Description="euro_bag" FileName="euro_bag.xaml" ResourceOwner="USERITEMS" ResourceType="4" IsCommon="True" />
  <Resource Name="Factory2" Description="Factory2" FileName="Factory2.xaml" ResourceOwner="USERITEMS" ResourceType="4" IsCommon="True" />
  <Resource Name="factory3" Description="factory3" FileName="factory3.xaml" ResourceOwner="USERITEMS" ResourceType="4" IsCommon="True" />
  <Resource Name="favorites" Description="favorites" FileName="favorites.xaml" ResourceOwner="USERITEMS" ResourceType="4" IsCommon="True" />
  <Resource Name="flag" Description="flag" FileName="flag.xaml" ResourceOwner="USERITEMS" ResourceType="4" IsCommon="True" />
  <Resource Name="flagBlue_32x32" Description="flagBlue_32x32" FileName="flagBlue_32x32.xaml" ResourceOwner="USERITEMS" ResourceType="4" IsCommon="True" />
  <Resource Name="flower" Description="flower" FileName="flower.xaml" ResourceOwner="USERITEMS" ResourceType="4" IsCommon="True" />
  <Resource Name="folder_32x32" Description="folder_32x32" FileName="folder_32x32.xaml" ResourceOwner="USERITEMS" ResourceType="4" IsCommon="True" />
  <Resource Name="folderInfo_32x32" Description="folderInfo_32x32" FileName="folderInfo_32x32.xaml" ResourceOwner="USERITEMS" ResourceType="4" IsCommon="True" />
  <Resource Name="forklift_right" Description="forklift_right" FileName="forklift_right.xaml" ResourceOwner="USERITEMS" ResourceType="4" IsCommon="True" />
  <Resource Name="formWindow_32x32" Description="formWindow_32x32" FileName="formWindow_32x32.xaml" ResourceOwner="USERITEMS" ResourceType="4" IsCommon="True" />
  <Resource Name="gavel" Description="gavel" FileName="gavel.xaml" ResourceOwner="USERITEMS" ResourceType="4" IsCommon="True" />
  <Resource Name="globe_32x32" Description="globe_32x32" FileName="globe_32x32.xaml" ResourceOwner="USERITEMS" ResourceType="4" IsCommon="True" />
  <Resource Name="graphBar" Description="graphBar" FileName="graphBar.xaml" ResourceOwner="USERITEMS" ResourceType="4" IsCommon="True" />
  <Resource Name="graphLine" Description="graphLine" FileName="graphLine.xaml" ResourceOwner="USERITEMS" ResourceType="4" IsCommon="True" />
  <Resource Name="handshake" Description="handshake" FileName="handshake.xaml" ResourceOwner="USERITEMS" ResourceType="4" IsCommon="True" />
  <Resource Name="heart" Description="heart" FileName="heart.xaml" ResourceOwner="USERITEMS" ResourceType="4" IsCommon="True" />
  <Resource Name="heavyLift" Description="heavyLift" FileName="heavyLift.xaml" ResourceOwner="USERITEMS" ResourceType="4" IsCommon="True" />
  <Resource Name="helmet" Description="helmet" FileName="helmet.xaml" ResourceOwner="USERITEMS" ResourceType="4" IsCommon="True" />
  <Resource Name="IFS_logo" Description="IFS_logo" FileName="IFS_logo.xaml" ResourceOwner="USERITEMS" ResourceType="4" IsCommon="True" />
  <Resource Name="image" Description="image" FileName="image.xaml" ResourceOwner="USERITEMS" ResourceType="4" IsCommon="True" />
  <Resource Name="Inventory4" Description="Inventory4" FileName="Inventory4.xaml" ResourceOwner="USERITEMS" ResourceType="4" IsCommon="True" />
  <Resource Name="JobPlan" Description="JobPlan" FileName="JobPlan.xaml" ResourceOwner="USERITEMS" ResourceType="4" IsCommon="True" />
  <Resource Name="laptop" Description="laptop" FileName="laptop.xaml" ResourceOwner="USERITEMS" ResourceType="4" IsCommon="True" />
  <Resource Name="leaf" Description="leaf" FileName="leaf.xaml" ResourceOwner="USERITEMS" ResourceType="4" IsCommon="True" />
  <Resource Name="lifebuoy" Description="lifebuoy" FileName="lifebuoy.xaml" ResourceOwner="USERITEMS" ResourceType="4" IsCommon="True" />
  <Resource Name="link_32x32" Description="link_32x32" FileName="link_32x32.xaml" ResourceOwner="USERITEMS" ResourceType="4" IsCommon="True" />
  <Resource Name="magnifingGlass" Description="magnifingGlass" FileName="magnifingGlass.xaml" ResourceOwner="USERITEMS" ResourceType="4" IsCommon="True" />
  <Resource Name="mail" Description="mail" FileName="mail.xaml" ResourceOwner="USERITEMS" ResourceType="4" IsCommon="True" />
  <Resource Name="man" Description="man" FileName="man.xaml" ResourceOwner="USERITEMS" ResourceType="4" IsCommon="True" />
  <Resource Name="manual" Description="manual" FileName="manual.xaml" ResourceOwner="USERITEMS" ResourceType="4" IsCommon="True" />
  <Resource Name="misc_clip2" Description="misc_clip2" FileName="misc_clip2.xaml" ResourceOwner="USERITEMS" ResourceType="4" IsCommon="True" />
  <Resource Name="mobile" Description="mobile" FileName="mobile.xaml" ResourceOwner="USERITEMS" ResourceType="4" IsCommon="True" />
  <Resource Name="moneyBack" Description="moneyBack" FileName="moneyBack.xaml" ResourceOwner="USERITEMS" ResourceType="4" IsCommon="True" />
  <Resource Name="motion" Description="motion" FileName="motion.xaml" ResourceOwner="USERITEMS" ResourceType="4" IsCommon="True" />
  <Resource Name="movie" Description="movie" FileName="movie.xaml" ResourceOwner="USERITEMS" ResourceType="4" IsCommon="True" />
  <Resource Name="network" Description="network" FileName="network.xaml" ResourceOwner="USERITEMS" ResourceType="4" IsCommon="True" />
  <Resource Name="office" Description="office" FileName="office.xaml" ResourceOwner="USERITEMS" ResourceType="4" IsCommon="True" />
  <Resource Name="oilDrill" Description="oilDrill" FileName="oilDrill.xaml" ResourceOwner="USERITEMS" ResourceType="4" IsCommon="True" />
  <Resource Name="paper" Description="paper" FileName="paper.xaml" ResourceOwner="USERITEMS" ResourceType="4" IsCommon="True" />
  <Resource Name="Part" Description="Part" FileName="Part.xaml" ResourceOwner="USERITEMS" ResourceType="4" IsCommon="True" />
  <Resource Name="path" Description="path" FileName="path.xaml" ResourceOwner="USERITEMS" ResourceType="4" IsCommon="True" />
  <Resource Name="people" Description="people" FileName="people.xaml" ResourceOwner="USERITEMS" ResourceType="4" IsCommon="True" />
  <Resource Name="phone" Description="phone" FileName="phone.xaml" ResourceOwner="USERITEMS" ResourceType="4" IsCommon="True" />
  <Resource Name="pin" Description="pin" FileName="pin.xaml" ResourceOwner="USERITEMS" ResourceType="4" IsCommon="True" />
  <Resource Name="play" Description="play" FileName="play.xaml" ResourceOwner="USERITEMS" ResourceType="4" IsCommon="True" />
  <Resource Name="plug" Description="plug" FileName="plug.xaml" ResourceOwner="USERITEMS" ResourceType="4" IsCommon="True" />
  <Resource Name="PMAction" Description="PMAction" FileName="PMAction.xaml" ResourceOwner="USERITEMS" ResourceType="4" IsCommon="True" />
  <Resource Name="poi" Description="poi" FileName="poi.xaml" ResourceOwner="USERITEMS" ResourceType="4" IsCommon="True" />
  <Resource Name="posArrow" Description="posArrow" FileName="posArrow.xaml" ResourceOwner="USERITEMS" ResourceType="4" IsCommon="True" />
  <Resource Name="printer" Description="printer" FileName="printer.xaml" ResourceOwner="USERITEMS" ResourceType="4" IsCommon="True" />
  <Resource Name="process" Description="process" FileName="process.xaml" ResourceOwner="USERITEMS" ResourceType="4" IsCommon="True" />
  <Resource Name="process_3" Description="process_3" FileName="process_3.xaml" ResourceOwner="USERITEMS" ResourceType="4" IsCommon="True" />
  <Resource Name="pund" Description="pund" FileName="pund.xaml" ResourceOwner="USERITEMS" ResourceType="4" IsCommon="True" />
  <Resource Name="pund_bag" Description="pund_bag" FileName="pund_bag.xaml" ResourceOwner="USERITEMS" ResourceType="4" IsCommon="True" />
  <Resource Name="queston" Description="queston" FileName="queston.xaml" ResourceOwner="USERITEMS" ResourceType="4" IsCommon="True" />
  <Resource Name="recycle" Description="recycle" FileName="recycle.xaml" ResourceOwner="USERITEMS" ResourceType="4" IsCommon="True" />
  <Resource Name="risk" Description="risk" FileName="risk.xaml" ResourceOwner="USERITEMS" ResourceType="4" IsCommon="True" />
  <Resource Name="rss" Description="rss" FileName="rss.xaml" ResourceOwner="USERITEMS" ResourceType="4" IsCommon="True" />
  <Resource Name="sad" Description="sad" FileName="sad.xaml" ResourceOwner="USERITEMS" ResourceType="4" IsCommon="True" />
  <Resource Name="selection_32x32" Description="selection_32x32" FileName="selection_32x32.xaml" ResourceOwner="USERITEMS" ResourceType="4" IsCommon="True" />
  <Resource Name="ship" Description="ship" FileName="ship.xaml" ResourceOwner="USERITEMS" ResourceType="4" IsCommon="True" />
  <Resource Name="Ship1" Description="Ship1" FileName="Ship1.xaml" ResourceOwner="USERITEMS" ResourceType="4" IsCommon="True" />
  <Resource Name="shopping" Description="shopping" FileName="shopping.xaml" ResourceOwner="USERITEMS" ResourceType="4" IsCommon="True" />
  <Resource Name="smile" Description="smile" FileName="smile.xaml" ResourceOwner="USERITEMS" ResourceType="4" IsCommon="True" />
  <Resource Name="streams" Description="streams" FileName="streams.xaml" ResourceOwner="USERITEMS" ResourceType="4" IsCommon="True" />
  <Resource Name="sun" Description="sun" FileName="sun.xaml" ResourceOwner="USERITEMS" ResourceType="4" IsCommon="True" />
  <Resource Name="SupplierBlanket" Description="SupplierBlanket" FileName="SupplierBlanket.xaml" ResourceOwner="USERITEMS" ResourceType="4" IsCommon="True" />
  <Resource Name="target" Description="target" FileName="target.xaml" ResourceOwner="USERITEMS" ResourceType="4" IsCommon="True" />
  <Resource Name="tbw_32x32" Description="tbw_32x32" FileName="tbw_32x32.xaml" ResourceOwner="USERITEMS" ResourceType="4" IsCommon="True" />
  <Resource Name="thumb_down" Description="thumb_down" FileName="thumb_down.xaml" ResourceOwner="USERITEMS" ResourceType="4" IsCommon="True" />
  <Resource Name="thumbsUp" Description="thumbsUp" FileName="thumbsUp.xaml" ResourceOwner="USERITEMS" ResourceType="4" IsCommon="True" />
  <Resource Name="timeGlass" Description="timeGlass" FileName="timeGlass.xaml" ResourceOwner="USERITEMS" ResourceType="4" IsCommon="True" />
  <Resource Name="toxic" Description="toxic" FileName="toxic.xaml" ResourceOwner="USERITEMS" ResourceType="4" IsCommon="True" />
  <Resource Name="transport" Description="transport" FileName="transport.xaml" ResourceOwner="USERITEMS" ResourceType="4" IsCommon="True" />
  <Resource Name="tree" Description="tree" FileName="tree.xaml" ResourceOwner="USERITEMS" ResourceType="4" IsCommon="True" />
  <Resource Name="truck" Description="truck" FileName="truck.xaml" ResourceOwner="USERITEMS" ResourceType="4" IsCommon="True" />
  <Resource Name="truckRight_32x32" Description="truckRight_32x32" FileName="truckRight_32x32.xaml" ResourceOwner="USERITEMS" ResourceType="4" IsCommon="True" />
  <Resource Name="VimAv" Description="VimAv" FileName="VimAv.xaml" ResourceOwner="USERITEMS" ResourceType="4" IsCommon="True" />
  <Resource Name="VimFl" Description="VimFl" FileName="VimFl.xaml" ResourceOwner="USERITEMS" ResourceType="4" IsCommon="True" />
  <Resource Name="wheel_doc" Description="wheel_doc" FileName="wheel_doc.xaml" ResourceOwner="USERITEMS" ResourceType="4" IsCommon="True" />
  <Resource Name="x" Description="x" FileName="x.xaml" ResourceOwner="USERITEMS" ResourceType="4" IsCommon="True" />
  <Resource Name="_default_32x32" Description="_default_32x32" FileName="_default_32x32.xaml" ResourceOwner="USERITEMS" ResourceType="4" IsCommon="True" />
</FndThemeResources>